<?xml version="1.0" encoding="UTF-8"?>
<project-private xmlns="http://www.netbeans.org/ns/project-private/1">
    <editor-bookmarks xmlns="http://www.netbeans.org/ns/editor-bookmarks/2" lastBookmarkId="0"/>
    <open-files xmlns="http://www.netbeans.org/ns/projectui-open-files/2">
        <group>
            <file>file:/D:/Study/191Sem/MCL_MCP/Slides/Lab4_OneFile.X/LL.c</file>
            <file>file:/D:/Study/191Sem/MCL_MCP/Slides/Lab4_OneFile.X/LL.h</file>
            <file>file:/D:/Study/191Sem/MCL_MCP/Slides/Lab4_OneFile.X/main.c</file>
        </group>
    </open-files>
</project-private>
